/*
 Navicat Premium Data Transfer

 Source Server         : cy
 Source Server Type    : MySQL
 Source Server Version : 80012
 Source Host           : localhost:3306
 Source Schema         : web

 Target Server Type    : MySQL
 Target Server Version : 80012
 File Encoding         : 65001

 Date: 25/12/2020 11:02:51
*/

SET NAMES utf8mb4;
SET FOREIGN_KEY_CHECKS = 0;

-- ----------------------------
-- Table structure for book
-- ----------------------------
DROP TABLE IF EXISTS `book`;
CREATE TABLE `book`  (
  `book_id` int(11) NOT NULL AUTO_INCREMENT,
  `type_id` int(11) NULL DEFAULT NULL,
  `book_name` varchar(255) CHARACTER SET utf8 COLLATE utf8_general_ci NULL DEFAULT NULL,
  PRIMARY KEY (`book_id`) USING BTREE
) ENGINE = MyISAM AUTO_INCREMENT = 7 CHARACTER SET = utf8 COLLATE = utf8_general_ci ROW_FORMAT = Dynamic;

-- ----------------------------
-- Records of book
-- ----------------------------
INSERT INTO `book` VALUES (1, 2, '经济管理');
INSERT INTO `book` VALUES (2, 1, 'C++语言');
INSERT INTO `book` VALUES (3, 1, '离散数学');
INSERT INTO `book` VALUES (4, 3, '中国文化');
INSERT INTO `book` VALUES (5, 1, 'PHP基础');
INSERT INTO `book` VALUES (6, 1, '数据结构');

-- ----------------------------
-- Table structure for book_type
-- ----------------------------
DROP TABLE IF EXISTS `book_type`;
CREATE TABLE `book_type`  (
  `type_id` int(11) NOT NULL AUTO_INCREMENT,
  `type_name` varchar(50) CHARACTER SET utf8 COLLATE utf8_general_ci NULL DEFAULT NULL,
  PRIMARY KEY (`type_id`) USING BTREE
) ENGINE = MyISAM AUTO_INCREMENT = 4 CHARACTER SET = utf8 COLLATE = utf8_general_ci ROW_FORMAT = Dynamic;

-- ----------------------------
-- Records of book_type
-- ----------------------------
INSERT INTO `book_type` VALUES (1, '计算机类');
INSERT INTO `book_type` VALUES (2, '经济类');
INSERT INTO `book_type` VALUES (3, '文艺类');

-- ----------------------------
-- Table structure for config
-- ----------------------------
DROP TABLE IF EXISTS `config`;
CREATE TABLE `config`  (
  `id` int(11) NOT NULL AUTO_INCREMENT,
  `name` varchar(50) CHARACTER SET utf8 COLLATE utf8_general_ci NULL DEFAULT NULL COMMENT '配置的key键名',
  `value` varchar(100) CHARACTER SET utf8 COLLATE utf8_general_ci NULL DEFAULT NULL COMMENT '配置的val值',
  `type` varchar(64) CHARACTER SET utf8 COLLATE utf8_general_ci NULL DEFAULT NULL COMMENT '配置分组',
  PRIMARY KEY (`id`) USING BTREE
) ENGINE = MyISAM AUTO_INCREMENT = 7 CHARACTER SET = utf8 COLLATE = utf8_general_ci ROW_FORMAT = Dynamic;

-- ----------------------------
-- Records of config
-- ----------------------------
INSERT INTO `config` VALUES (1, 'smtp_server', 'smtp.qq.com111', 'smtp');
INSERT INTO `config` VALUES (2, 'smtp_port', '465', 'smtp');
INSERT INTO `config` VALUES (3, 'smtp_user', '331549185@qq.com', 'smtp');
INSERT INTO `config` VALUES (4, 'smtp_pwd', '12017700', 'smtp');
INSERT INTO `config` VALUES (5, 'regis_smtp_enable', '1', 'smtp');
INSERT INTO `config` VALUES (6, 'email_id', '11', 'smtp');

-- ----------------------------
-- Table structure for cy_goods
-- ----------------------------
DROP TABLE IF EXISTS `cy_goods`;
CREATE TABLE `cy_goods`  (
  `goods_id` int(11) NOT NULL AUTO_INCREMENT,
  `goods_name` varchar(255) CHARACTER SET utf8 COLLATE utf8_general_ci NULL DEFAULT NULL,
  `type_id` int(11) NULL DEFAULT NULL,
  `price` int(11) NULL DEFAULT NULL,
  `number` int(11) NULL DEFAULT NULL,
  `describe` varchar(255) CHARACTER SET utf8 COLLATE utf8_general_ci NULL DEFAULT NULL,
  `picture` varchar(255) CHARACTER SET utf8 COLLATE utf8_general_ci NULL DEFAULT NULL,
  `user_id` int(10) NULL DEFAULT NULL,
  PRIMARY KEY (`goods_id`) USING BTREE,
  INDEX `user_id`(`user_id`) USING BTREE,
  INDEX `type_id`(`type_id`) USING BTREE
) ENGINE = MyISAM AUTO_INCREMENT = 10 CHARACTER SET = utf8 COLLATE = utf8_general_ci ROW_FORMAT = Dynamic;

-- ----------------------------
-- Records of cy_goods
-- ----------------------------
INSERT INTO `cy_goods` VALUES (20, 'ThinkPHP网站开发教程', 4, 15, 20, NULL, NULL, 84);
INSERT INTO `cy_goods` VALUES (18, 'Type-C数据线', 2, 5, 18, NULL, NULL, 84);
INSERT INTO `cy_goods` VALUES (19, '小风扇', 3, 10, 20, NULL, NULL, 84);
INSERT INTO `cy_goods` VALUES (17, '黑色签字笔', 1, 1, 13, NULL, NULL, 84);

-- ----------------------------
-- Table structure for cy_goods_type
-- ----------------------------
DROP TABLE IF EXISTS `cy_goods_type`;
CREATE TABLE `cy_goods_type`  (
  `type_id` int(11) NOT NULL AUTO_INCREMENT,
  `type_name` varchar(50) CHARACTER SET utf8 COLLATE utf8_general_ci NULL DEFAULT NULL,
  PRIMARY KEY (`type_id`) USING BTREE
) ENGINE = MyISAM AUTO_INCREMENT = 5 CHARACTER SET = utf8 COLLATE = utf8_general_ci ROW_FORMAT = Dynamic;

-- ----------------------------
-- Records of cy_goods_type
-- ----------------------------
INSERT INTO `cy_goods_type` VALUES (1, '学习用品');
INSERT INTO `cy_goods_type` VALUES (2, '数码产品');
INSERT INTO `cy_goods_type` VALUES (3, '生活用品');
INSERT INTO `cy_goods_type` VALUES (4, '书籍');

-- ----------------------------
-- Table structure for cy_menu
-- ----------------------------
DROP TABLE IF EXISTS `cy_menu`;
CREATE TABLE `cy_menu`  (
  `menu_id` int(10) UNSIGNED NOT NULL AUTO_INCREMENT COMMENT '菜单编号',
  `url` varchar(80) CHARACTER SET utf8 COLLATE utf8_general_ci NOT NULL DEFAULT '' COMMENT '菜单地址',
  `name` varchar(20) CHARACTER SET utf8 COLLATE utf8_general_ci NOT NULL DEFAULT '' COMMENT '菜单名称',
  `icon` varchar(50) CHARACTER SET utf8 COLLATE utf8_general_ci NULL DEFAULT NULL COMMENT '图标',
  `parent_id` int(5) NOT NULL DEFAULT 0 COMMENT '父栏目ID',
  `sort` int(11) NULL DEFAULT 0 COMMENT '排序',
  `visible` tinyint(1) NULL DEFAULT 1 COMMENT '是否可见',
  `open` tinyint(1) NULL DEFAULT 1 COMMENT '是否展开',
  PRIMARY KEY (`menu_id`) USING BTREE
) ENGINE = MyISAM AUTO_INCREMENT = 11 CHARACTER SET = utf8 COLLATE = utf8_general_ci ROW_FORMAT = Dynamic;

-- ----------------------------
-- Records of cy_menu
-- ----------------------------
INSERT INTO `cy_menu` VALUES (1, '', '系统功能', 'layui-icon-set', 0, 1, 0, 1);
INSERT INTO `cy_menu` VALUES (2, '/cy/role/index', '角色管理', NULL, 1, 1, 0, 1);
INSERT INTO `cy_menu` VALUES (3, '/cy/user/index', '用户管理', NULL, 1, 3, 0, 1);
INSERT INTO `cy_menu` VALUES (4, '', '商品管理', 'layui-icon-app', 0, 1, 1, 1);
INSERT INTO `cy_menu` VALUES (5, '/cy/goods/index', '所有商品', NULL, 4, 1, 1, 1);
INSERT INTO `cy_menu` VALUES (6, '/cy/goods_type/index', '商品类型', NULL, 4, 1, 1, 1);
INSERT INTO `cy_menu` VALUES (7, '', '店铺管理', 'layui-icon-home', 0, 1, 1, 1);
INSERT INTO `cy_menu` VALUES (8, '/cy/order/seller_order', '店铺订单', NULL, 7, 1, 1, 1);
INSERT INTO `cy_menu` VALUES (9, '/cy/goods/seller_form', '店铺商品', NULL, 7, 1, 1, 1);
INSERT INTO `cy_menu` VALUES (10, '/cy/order/buyer_order', '购买订单', NULL, 4, 1, 1, 1);

-- ----------------------------
-- Table structure for cy_order
-- ----------------------------
DROP TABLE IF EXISTS `cy_order`;
CREATE TABLE `cy_order`  (
  `order_id` int(11) NOT NULL AUTO_INCREMENT,
  `buyer_id` int(11) NULL DEFAULT NULL COMMENT '买家编号',
  `consignee_name` varchar(20) CHARACTER SET utf8 COLLATE utf8_general_ci NULL DEFAULT NULL COMMENT '收货人姓名',
  `seller_id` int(11) NULL DEFAULT NULL COMMENT '卖家编号',
  `phone` varchar(30) CHARACTER SET utf8 COLLATE utf8_general_ci NULL DEFAULT NULL COMMENT '电话号码',
  `address` varchar(255) CHARACTER SET utf8 COLLATE utf8_general_ci NULL DEFAULT NULL COMMENT '收货地址',
  `goods_id` int(11) NULL DEFAULT NULL COMMENT '商品编号',
  `goods_name` varchar(255) CHARACTER SET utf8 COLLATE utf8_general_ci NULL DEFAULT NULL COMMENT '商品名称',
  `buy_number` int(11) NULL DEFAULT NULL COMMENT '商品数量',
  `pay` int(11) NULL DEFAULT NULL COMMENT '支付金额',
  PRIMARY KEY (`order_id`) USING BTREE
) ENGINE = MyISAM AUTO_INCREMENT = 30 CHARACTER SET = utf8 COLLATE = utf8_general_ci ROW_FORMAT = Dynamic;

-- ----------------------------
-- Records of cy_order
-- ----------------------------
INSERT INTO `cy_order` VALUES (30, 85, '胡健', 84, '13879001111', '华东交通大学1', 17, '黑色签字笔', 2, 2);
INSERT INTO `cy_order` VALUES (31, 87, '66', 84, '66666666666', '66', 18, 'Type-C数据线', 2, 10);
INSERT INTO `cy_order` VALUES (32, 84, '88', 84, '88888888888', '888', 17, '黑色签字笔', 5, 5);

-- ----------------------------
-- Table structure for cy_role
-- ----------------------------
DROP TABLE IF EXISTS `cy_role`;
CREATE TABLE `cy_role`  (
  `role_id` smallint(6) UNSIGNED NOT NULL AUTO_INCREMENT,
  `name` varchar(20) CHARACTER SET utf8 COLLATE utf8_general_ci NOT NULL DEFAULT '',
  `role_key` varchar(255) CHARACTER SET utf8 COLLATE utf8_general_ci NULL DEFAULT NULL,
  `menus` varchar(255) CHARACTER SET utf8 COLLATE utf8_general_ci NULL DEFAULT NULL,
  PRIMARY KEY (`role_id`) USING BTREE
) ENGINE = MyISAM AUTO_INCREMENT = 11 CHARACTER SET = utf8 COLLATE = utf8_general_ci ROW_FORMAT = Dynamic;

-- ----------------------------
-- Records of cy_role
-- ----------------------------
INSERT INTO `cy_role` VALUES (1, '管理员', 'admin', '1,2,3,4,5,6,7,8,9,10,');
INSERT INTO `cy_role` VALUES (2, '普通用户', 'buyer', '4,5,10,');
INSERT INTO `cy_role` VALUES (3, '店主', 'seller', '4,5,7,8,9,10,');

-- ----------------------------
-- Table structure for cy_user
-- ----------------------------
DROP TABLE IF EXISTS `cy_user`;
CREATE TABLE `cy_user`  (
  `user_id` int(10) UNSIGNED NOT NULL AUTO_INCREMENT COMMENT '用户编号',
  `user_name` varchar(20) CHARACTER SET utf8 COLLATE utf8_general_ci NOT NULL COMMENT '用户名',
  `password` varchar(70) CHARACTER SET utf8 COLLATE utf8_general_ci NULL DEFAULT NULL COMMENT '密码',
  `real_name` varchar(10) CHARACTER SET utf8 COLLATE utf8_general_ci NULL DEFAULT NULL COMMENT '真实姓名',
  `role_id` mediumint(8) NULL DEFAULT NULL COMMENT '角色编号',
  `gender` varchar(10) CHARACTER SET utf8 COLLATE utf8_general_ci NULL DEFAULT '' COMMENT '性别',
  `avatar` varchar(255) CHARACTER SET utf8 COLLATE utf8_general_ci NULL DEFAULT NULL COMMENT '头像',
  `phone` varchar(30) CHARACTER SET utf8 COLLATE utf8_general_ci NULL DEFAULT NULL COMMENT '电话号码',
  `address` varchar(255) CHARACTER SET utf8 COLLATE utf8_general_ci NULL DEFAULT NULL COMMENT '收货地址',
  PRIMARY KEY (`user_id`) USING BTREE
) ENGINE = MyISAM AUTO_INCREMENT = 84 CHARACTER SET = utf8 COLLATE = utf8_general_ci COMMENT = '用户表' ROW_FORMAT = Dynamic;

-- ----------------------------
-- Records of cy_user
-- ----------------------------
INSERT INTO `cy_user` VALUES (87, 'seller2', '202cb962ac59075b964b07152d234b70', NULL, 3, '', NULL, '18079014431', NULL);
INSERT INTO `cy_user` VALUES (86, 'se', '202cb962ac59075b964b07152d234b70', NULL, 3, '', NULL, '11111111111', NULL);
INSERT INTO `cy_user` VALUES (85, 'buyer', '794aad24cbd58461011ed9094b7fa212', NULL, 2, '', NULL, '18079002222', NULL);
INSERT INTO `cy_user` VALUES (84, 'seller1', '202cb962ac59075b964b07152d234b70', NULL, 3, '', NULL, '18079001111', NULL);

-- ----------------------------
-- Table structure for news
-- ----------------------------
DROP TABLE IF EXISTS `news`;
CREATE TABLE `news`  (
  `news_id` int(11) NOT NULL AUTO_INCREMENT,
  `type_id` int(11) NULL DEFAULT NULL,
  `user_id` int(11) NULL DEFAULT NULL,
  `title` varchar(255) CHARACTER SET utf8 COLLATE utf8_general_ci NULL DEFAULT NULL,
  `content` text CHARACTER SET utf8 COLLATE utf8_general_ci NULL,
  `create_time` int(11) NULL DEFAULT NULL,
  `status` tinyint(2) NULL DEFAULT 1 COMMENT '1 正常 2至顶  0 隐藏',
  `views` int(11) NULL DEFAULT 0 COMMENT '阅读次数',
  PRIMARY KEY (`news_id`) USING BTREE
) ENGINE = InnoDB AUTO_INCREMENT = 94 CHARACTER SET = utf8 COLLATE = utf8_general_ci ROW_FORMAT = Dynamic;

-- ----------------------------
-- Records of news
-- ----------------------------
INSERT INTO `news` VALUES (87, 1, NULL, '社会新闻1', '<p>asdfasdfasfd</p><p>asdfasdfasfd</p><p style=\"line-height: 16px;\"><img src=\"http://mytp.com/static/ueditor/dialogs/attachment/fileTypeImages/icon_doc.gif\"/><a style=\"font-size:12px; color:#0066cc;\" href=\"/uploads/20200329/1585489452524431.docx\" title=\"2016版毕业要求.docx\">2016版毕业要求.docx</a></p><p><br/></p>', 1586414643, 1, 0);
INSERT INTO `news` VALUES (88, 3, NULL, '经济新闻1', '<p>asdf00</p><p>asdfasdfasdf</p><p>asdfasdfasdf</p>', 1586414594, 2, 0);
INSERT INTO `news` VALUES (89, 3, NULL, '经济新闻1', '<p>asdfasdfasfd1</p><p>asdfasdfasfd</p><p style=\"line-height: 16px;\"><img src=\"http://mytp.com/static/ueditor/dialogs/attachment/fileTypeImages/icon_doc.gif\"/><a style=\"font-size:12px; color:#0066cc;\" href=\"/uploads/20200329/1585489452524431.docx\" title=\"2016版毕业要求.docx\">2016版毕业要求.docx</a></p><p><br/></p>', 1586414632, 0, 0);
INSERT INTO `news` VALUES (93, 2, NULL, '体育新闻1', '<p>99</p>', 1588490378, 1, 0);
INSERT INTO `news` VALUES (94, 1, NULL, 'web网页课设', '<p>大家好~</p>', 1591345129, 1, 0);

-- ----------------------------
-- Table structure for news_type
-- ----------------------------
DROP TABLE IF EXISTS `news_type`;
CREATE TABLE `news_type`  (
  `type_id` int(10) UNSIGNED NOT NULL AUTO_INCREMENT,
  `type_name` varchar(20) CHARACTER SET utf8 COLLATE utf8_general_ci NULL DEFAULT NULL,
  PRIMARY KEY (`type_id`) USING BTREE
) ENGINE = InnoDB AUTO_INCREMENT = 3 CHARACTER SET = utf8 COLLATE = utf8_general_ci ROW_FORMAT = Dynamic;

-- ----------------------------
-- Records of news_type
-- ----------------------------
INSERT INTO `news_type` VALUES (1, '社会新闻');
INSERT INTO `news_type` VALUES (2, '体育新闻');
INSERT INTO `news_type` VALUES (3, '经济新闻');

-- ----------------------------
-- Table structure for sys_menu
-- ----------------------------
DROP TABLE IF EXISTS `sys_menu`;
CREATE TABLE `sys_menu`  (
  `menu_id` int(10) UNSIGNED NOT NULL AUTO_INCREMENT,
  `url` varchar(80) CHARACTER SET utf8 COLLATE utf8_general_ci NOT NULL DEFAULT '',
  `name` varchar(20) CHARACTER SET utf8 COLLATE utf8_general_ci NOT NULL DEFAULT '',
  `icon` varchar(50) CHARACTER SET utf8 COLLATE utf8_general_ci NULL DEFAULT NULL COMMENT '图标',
  `parent_id` int(5) NOT NULL DEFAULT 0 COMMENT '父栏目ID',
  `sort` int(11) NULL DEFAULT 0 COMMENT '排序',
  `visible` tinyint(1) NULL DEFAULT 1 COMMENT '是否可见',
  `open` tinyint(1) NULL DEFAULT 1 COMMENT '1',
  PRIMARY KEY (`menu_id`) USING BTREE
) ENGINE = MyISAM AUTO_INCREMENT = 11 CHARACTER SET = utf8 COLLATE = utf8_general_ci ROW_FORMAT = Dynamic;

-- ----------------------------
-- Records of sys_menu
-- ----------------------------
INSERT INTO `sys_menu` VALUES (1, '', '系统功能', 'layui-icon-set', 0, 1, 1, 1);
INSERT INTO `sys_menu` VALUES (2, '/admin/menu/index', '菜单管理', '', 1, 1, 1, 1);
INSERT INTO `sys_menu` VALUES (3, '/admin/role/index', '角色管理', '', 1, 3, 1, 1);
INSERT INTO `sys_menu` VALUES (4, '/admin/user/index', '用户管理', '', 1, 2, 1, 1);
INSERT INTO `sys_menu` VALUES (5, '/admin/news/index', '新闻列表', '', 6, 1, 1, 1);
INSERT INTO `sys_menu` VALUES (6, '', '新闻管理', 'layui-icon-date', 0, 1, 1, 1);
INSERT INTO `sys_menu` VALUES (7, '/admin/news_type/index', '新闻类别', '', 6, 2, 1, 1);
INSERT INTO `sys_menu` VALUES (8, '', '图书管理', 'layui-icon-read', 0, 8, 1, 1);
INSERT INTO `sys_menu` VALUES (9, '/teach/books/index', '图书列表', '', 8, 1, 1, 1);
INSERT INTO `sys_menu` VALUES (10, '/teach/books/type', '图书类别', '', 8, 2, 1, 1);

-- ----------------------------
-- Table structure for sys_role
-- ----------------------------
DROP TABLE IF EXISTS `sys_role`;
CREATE TABLE `sys_role`  (
  `role_id` smallint(6) UNSIGNED NOT NULL AUTO_INCREMENT,
  `name` varchar(20) CHARACTER SET utf8 COLLATE utf8_general_ci NOT NULL DEFAULT '',
  `role_key` varchar(255) CHARACTER SET utf8 COLLATE utf8_general_ci NULL DEFAULT NULL,
  `menus` varchar(255) CHARACTER SET utf8 COLLATE utf8_general_ci NULL DEFAULT NULL,
  PRIMARY KEY (`role_id`) USING BTREE
) ENGINE = MyISAM AUTO_INCREMENT = 11 CHARACTER SET = utf8 COLLATE = utf8_general_ci ROW_FORMAT = Dynamic;

-- ----------------------------
-- Records of sys_role
-- ----------------------------
INSERT INTO `sys_role` VALUES (1, '超级管理员', 'admin', '1,2,3,4,5,6,7,8,9,10,');
INSERT INTO `sys_role` VALUES (2, '老师', 'teacher', '1,4,8,9,10,');

-- ----------------------------
-- Table structure for sys_user
-- ----------------------------
DROP TABLE IF EXISTS `sys_user`;
CREATE TABLE `sys_user`  (
  `user_id` int(10) UNSIGNED NOT NULL AUTO_INCREMENT,
  `username` varchar(20) CHARACTER SET utf8 COLLATE utf8_general_ci NOT NULL COMMENT '用户名',
  `password` varchar(70) CHARACTER SET utf8 COLLATE utf8_general_ci NULL DEFAULT NULL COMMENT '密码',
  `role_id` mediumint(8) NULL DEFAULT NULL COMMENT '分组ID',
  `email` varchar(30) CHARACTER SET utf8 COLLATE utf8_general_ci NULL DEFAULT NULL COMMENT '邮箱',
  `realname` varchar(10) CHARACTER SET utf8 COLLATE utf8_general_ci NULL DEFAULT NULL COMMENT '真实姓名',
  `gender` varchar(10) CHARACTER SET utf8 COLLATE utf8_general_ci NULL DEFAULT '',
  `phone` varchar(30) CHARACTER SET utf8 COLLATE utf8_general_ci NULL DEFAULT NULL COMMENT '电话号码',
  `login_time` int(11) NULL DEFAULT NULL COMMENT '最后登录时间',
  `status` tinyint(2) NULL DEFAULT 1 COMMENT '状态',
  `avatar` varchar(255) CHARACTER SET utf8 COLLATE utf8_general_ci NULL DEFAULT NULL,
  `online` int(11) NULL DEFAULT NULL,
  PRIMARY KEY (`user_id`) USING BTREE,
  INDEX `user_username`(`username`) USING BTREE
) ENGINE = MyISAM AUTO_INCREMENT = 74 CHARACTER SET = utf8 COLLATE = utf8_general_ci COMMENT = '用户表' ROW_FORMAT = Dynamic;

-- ----------------------------
-- Records of sys_user
-- ----------------------------
INSERT INTO `sys_user` VALUES (1, '1', 'c4ca4238a0b923820dcc509a6f75849b', 1, '4', '超管', '女', '24', 1608638392, 1, '/uploads/20201209/e9fb5767c2731516f2231f7ac76ba396.jpg', 0);
INSERT INTO `sys_user` VALUES (58, 'zh', 'c4ca4238a0b923820dcc509a6f75849b', 2, '1', '曾辉', '男', '', 1607501026, 1, '/uploads/20201124/c764388e79ebea5ec136aa3afb29ae5e.jpg', 0);
INSERT INTO `sys_user` VALUES (73, 'cy', '1f28e49f34e2406fdb6d6158eebd793b', 2, '123@qq.com', NULL, '', NULL, 1608169273, 1, NULL, 1);

SET FOREIGN_KEY_CHECKS = 1;
